product_price_id,product_id,start_date_id,end_date_id,cost,is_current
----------------,----------,-------------,-----------,----,----------
1,1,20030701,NULL,NULL,1
2,2,20030701,NULL,NULL,1
3,3,20110701,20071228,12.00,0
4,3,20120701,20081227,14.00,0
5,3,20130701,NULL,13.00,1
6,4,20110701,20071228,12.00,0
7,4,20120701,20081227,14.00,0
8,4,20130701,NULL,13.00,1
9,5,20110701,20071228,12.00,0
10,5,20120701,20081227,14.00,0
11,5,20130701,NULL,13.00,1
12,6,20110701,20071228,12.00,0
13,6,20120701,20081227,14.00,0
14,6,20130701,NULL,13.00,1
15,7,20110701,20071228,12.00,0
16,7,20120701,20081227,14.00,0
17,7,20130701,NULL,13.00,1
18,8,20110701,20071228,12.00,0
19,8,20120701,20081227,14.00,0
20,8,20130701,NULL,13.00,1
21,9,20110701,20071228,3.00,0
22,10,20110701,20071228,3.00,0
23,11,20110701,20071228,12.00,0
24,11,20120701,20081227,14.00,0
25,11,20130701,NULL,13.00,1
26,12,20110701,20071228,12.00,0
27,12,20120701,20081227,14.00,0
28,12,20130701,NULL,13.00,1
29,13,20110701,20071228,12.00,0
30,13,20120701,20081227,14.00,0
31,13,20130701,NULL,13.00,1
32,14,20110701,20071228,6.00,0
33,14,20120701,20081227,5.00,0
34,14,20130701,NULL,7.00,1
35,15,20110701,20071228,6.00,0
36,15,20120701,20081227,5.00,0
37,15,20130701,NULL,7.00,1
38,16,20110701,20071228,6.00,0
39,16,20120701,20081227,5.00,0
40,16,20130701,NULL,7.00,1
41,17,20110701,20071228,32.00,0
42,17,20120701,20081227,29.00,0
43,17,20130701,NULL,38.00,1
44,18,20110701,20071228,32.00,0
45,18,20120701,20081227,29.00,0
46,18,20130701,NULL,38.00,1
47,19,20110701,20071228,32.00,0
48,19,20120701,20081227,29.00,0
49,19,20130701,NULL,38.00,1
50,20,20110701,20071228,32.00,0
51,20,20120701,20081227,29.00,0
52,20,20130701,NULL,38.00,1
53,21,20110701,20071228,32.00,0
54,21,20120701,20081227,29.00,0
55,21,20130701,NULL,38.00,1
56,22,20110701,20071228,32.00,0
57,22,20120701,20081227,29.00,0
58,22,20130701,NULL,38.00,1
59,23,20110701,20071228,32.00,0
60,23,20120701,20081227,29.00,0
61,23,20130701,NULL,38.00,1
62,24,20110701,20071228,32.00,0
63,24,20120701,20081227,29.00,0
64,24,20130701,NULL,38.00,1
65,25,20110701,20071228,32.00,0
66,25,20120701,20081227,29.00,0
67,25,20130701,NULL,38.00,1
68,26,20110701,20071228,32.00,0
69,26,20120701,20081227,29.00,0
70,26,20130701,NULL,38.00,1
71,27,20110701,20071228,32.00,0
72,27,20120701,20081227,29.00,0
73,27,20130701,NULL,38.00,1
74,28,20110701,20071228,32.00,0
75,28,20120701,20081227,29.00,0
76,28,20130701,NULL,38.00,1
77,29,20110701,20071228,748.00,0
78,29,20120701,20081227,722.00,0
79,29,20130701,NULL,869.00,1
80,30,20110701,20071228,748.00,0
81,30,20120701,20081227,722.00,0
82,30,20130701,NULL,869.00,1
83,31,20110701,20071228,748.00,0
84,31,20120701,20081227,722.00,0
85,31,20130701,NULL,869.00,1
86,32,20110701,20071228,748.00,0
87,32,20120701,20081227,722.00,0
88,32,20130701,NULL,869.00,1
89,33,20110701,20071228,748.00,0
90,33,20120701,20081227,722.00,0
91,33,20130701,NULL,869.00,1
92,34,20110701,20071228,748.00,0
93,34,20120701,20081227,722.00,0
94,34,20130701,NULL,869.00,1
95,35,20110701,20071228,748.00,0
96,35,20120701,20081227,722.00,0
97,35,20130701,NULL,869.00,1
98,36,20110701,20071228,748.00,0
99,36,20120701,20081227,722.00,0
100,36,20130701,NULL,869.00,1
101,37,20110701,20071228,748.00,0
102,37,20120701,20081227,722.00,0
103,37,20130701,NULL,869.00,1
104,38,20110701,20071228,748.00,0
105,38,20120701,20081227,722.00,0
106,38,20130701,NULL,869.00,1
107,39,20110701,20071228,748.00,0
108,39,20120701,20081227,722.00,0
109,39,20130701,NULL,869.00,1
110,40,20110701,20071228,748.00,0
111,40,20120701,20081227,722.00,0
112,40,20130701,NULL,869.00,1
113,41,20110701,20071228,748.00,0
114,41,20120701,20081227,722.00,0
115,41,20130701,NULL,869.00,1
116,42,20110701,20071228,748.00,0
117,42,20120701,20081227,722.00,0
118,42,20130701,NULL,869.00,1
119,43,20110701,20071228,748.00,0
120,43,20120701,20081227,722.00,0
121,43,20130701,NULL,869.00,1
122,44,20110701,20071228,176.00,0
123,44,20120701,20081227,170.00,0
124,44,20130701,NULL,205.00,1
125,45,20110701,20071228,176.00,0
126,45,20120701,20081227,170.00,0
127,45,20130701,NULL,205.00,1
128,46,20110701,20071228,176.00,0
129,46,20120701,20081227,170.00,0
130,46,20130701,NULL,205.00,1
131,47,20110701,20071228,176.00,0
132,47,20120701,20081227,170.00,0
133,47,20130701,NULL,205.00,1
134,48,20110701,20071228,176.00,0
135,48,20120701,20081227,170.00,0
136,48,20130701,NULL,205.00,1
137,49,20110701,20071228,176.00,0
138,49,20120701,20081227,170.00,0
139,49,20130701,NULL,205.00,1
140,50,20110701,20071228,176.00,0
141,50,20120701,20081227,170.00,0
142,50,20130701,NULL,205.00,1
143,51,20110701,20071228,176.00,0
144,51,20120701,20081227,170.00,0
145,51,20130701,NULL,205.00,1
146,52,20110701,20071228,176.00,0
147,52,20120701,20081227,170.00,0
148,52,20130701,NULL,205.00,1
149,53,20110701,20071228,181.00,0
150,53,20120701,20081227,187.00,0
151,54,20110701,20071228,181.00,0
152,54,20120701,20081227,187.00,0
153,55,20110701,20071228,181.00,0
154,55,20120701,20081227,187.00,0
155,56,20110701,20071228,181.00,0
156,56,20120701,20081227,187.00,0
157,57,20110701,20071228,181.00,0
158,57,20120701,20081227,187.00,0
159,58,20110701,20071228,181.00,0
160,58,20120701,20081227,187.00,0
161,59,20110701,20071228,181.00,0
162,59,20120701,20081227,187.00,0
163,60,20110701,20071228,181.00,0
164,60,20120701,20081227,187.00,0
165,61,20110701,20071228,181.00,0
166,61,20120701,20081227,187.00,0
167,62,20110701,20071228,181.00,0
168,62,20120701,20081227,187.00,0
169,63,20110701,20071228,181.00,0
170,63,20120701,20081227,187.00,0
171,64,20110701,20071228,181.00,0
172,64,20120701,20081227,187.00,0
173,65,20110701,20071228,352.00,0
174,66,20110701,20071228,352.00,0
175,67,20110701,20071228,352.00,0
176,68,20110701,20071228,352.00,0
177,69,20110701,20071228,352.00,0
178,70,20110701,20071228,176.00,0
179,70,20120701,20081227,170.00,0
180,70,20130701,NULL,205.00,1
181,71,20110701,20071228,176.00,0
182,71,20120701,20081227,170.00,0
183,71,20130701,NULL,205.00,1
184,72,20110701,20071228,176.00,0
185,72,20120701,20081227,170.00,0
186,72,20130701,NULL,205.00,1
187,73,20110701,20071228,176.00,0
188,73,20120701,20081227,170.00,0
189,73,20130701,NULL,205.00,1
190,74,20110701,20071228,176.00,0
191,74,20120701,20081227,170.00,0
192,74,20130701,NULL,205.00,1
193,75,20110701,20071228,176.00,0
194,75,20120701,20081227,170.00,0
195,75,20130701,NULL,205.00,1
196,76,20110701,20071228,176.00,0
197,76,20120701,20081227,170.00,0
198,76,20130701,NULL,205.00,1
199,77,20110701,20071228,176.00,0
200,77,20120701,20081227,170.00,0
201,77,20130701,NULL,205.00,1
202,78,20110701,20071228,176.00,0
203,78,20120701,20081227,170.00,0
204,78,20130701,NULL,205.00,1
205,79,20110701,20071228,624.00,0
206,79,20120701,20081227,661.00,0
207,79,20130701,NULL,747.00,1
208,80,20110701,20071228,624.00,0
209,80,20120701,20081227,661.00,0
210,80,20130701,NULL,747.00,1
211,81,20110701,20071228,624.00,0
212,81,20120701,20081227,661.00,0
213,81,20130701,NULL,747.00,1
214,82,20110701,20071228,707.00,0
215,83,20110701,20071228,707.00,0
216,84,20110701,20071228,624.00,0
217,84,20120701,20081227,661.00,0
218,84,20130701,NULL,747.00,1
219,85,20110701,20071228,624.00,0
220,85,20120701,20081227,661.00,0
221,85,20130701,NULL,747.00,1
222,86,20110701,20071228,624.00,0
223,86,20120701,20081227,661.00,0
224,86,20130701,NULL,747.00,1
225,87,20110701,20071228,617.00,0
226,87,20120701,20081227,654.00,0
227,87,20130701,NULL,739.00,1
228,88,20110701,20071228,617.00,0
229,88,20120701,20081227,654.00,0
230,88,20130701,NULL,739.00,1
231,89,20110701,20071228,617.00,0
232,89,20120701,20081227,654.00,0
233,89,20130701,NULL,739.00,1
234,90,20110701,20071228,699.00,0
235,91,20110701,20071228,699.00,0
236,92,20110701,20071228,617.00,0
237,92,20120701,20081227,654.00,0
238,92,20130701,NULL,739.00,1
239,93,20110701,20071228,617.00,0
240,93,20120701,20081227,654.00,0
241,93,20130701,NULL,739.00,1
242,94,20110701,20071228,617.00,0
243,94,20120701,20081227,654.00,0
244,94,20130701,NULL,739.00,1
245,95,20110701,20071228,617.00,0
246,95,20120701,20081227,654.00,0
247,95,20130701,NULL,739.00,1
248,96,20110701,20071228,617.00,0
249,96,20120701,20081227,654.00,0
250,96,20130701,NULL,739.00,1
251,97,20110701,20071228,617.00,0
252,97,20120701,20081227,654.00,0
253,97,20130701,NULL,739.00,1
254,98,20110701,20071228,624.00,0
255,98,20120701,20081227,661.00,0
256,98,20130701,NULL,747.00,1
257,99,20110701,20071228,624.00,0
258,99,20120701,20081227,661.00,0
259,99,20130701,NULL,747.00,1
260,100,20110701,20071228,624.00,0
261,100,20120701,20081227,661.00,0
262,100,20130701,NULL,747.00,1
263,101,20110701,20071228,2171.00,0
264,102,20110701,20071228,2171.00,0
265,103,20110701,20071228,2171.00,0
266,104,20110701,20071228,2171.00,0
267,105,20110701,20071228,2171.00,0
268,106,20110701,20071228,885.00,0
269,107,20110701,20071228,885.00,0
270,108,20110701,20071228,885.00,0
271,109,20110701,20071228,885.00,0
272,110,20110701,20071228,885.00,0
273,111,20110701,20071228,413.00,0
274,111,20120701,20081227,487.00,0
275,112,20110701,20071228,413.00,0
276,112,20120701,20081227,487.00,0
277,113,20110701,20071228,413.00,0
278,113,20120701,20081227,487.00,0
279,114,20110701,20071228,413.00,0
280,114,20120701,20081227,487.00,0
281,115,20110701,20071228,413.00,0
282,115,20120701,20081227,487.00,0
283,116,20110701,20071228,413.00,0
284,116,20120701,20081227,487.00,0
285,117,20110701,20071228,413.00,0
286,117,20120701,20081227,487.00,0
287,118,20110701,20071228,413.00,0
288,118,20120701,20081227,487.00,0
289,119,20110701,20071228,413.00,0
290,119,20120701,20081227,487.00,0
291,120,20110701,20071228,413.00,0
292,120,20120701,20081227,487.00,0
293,121,20110701,20071228,413.00,0
294,121,20120701,20081227,487.00,0
295,122,20110701,20071228,413.00,0
296,122,20120701,20081227,487.00,0
297,123,20110701,20071228,413.00,0
298,123,20120701,20081227,487.00,0
299,124,20110701,20071228,413.00,0
300,124,20120701,20081227,487.00,0
301,125,20110701,20071228,413.00,0
302,125,20120701,20081227,487.00,0
303,126,20110701,20071228,413.00,0
304,126,20120701,20081227,487.00,0
305,127,20110701,20071228,413.00,0
306,127,20120701,20081227,487.00,0
307,128,20110701,20071228,413.00,0
308,128,20120701,20081227,487.00,0
309,129,20110701,20071228,413.00,0
310,129,20120701,20081227,487.00,0
311,130,20110701,20071228,413.00,0
312,130,20120701,20081227,487.00,0
313,131,20110701,20071228,413.00,0
314,131,20120701,20081227,487.00,0
315,132,20110701,20071228,413.00,0
316,132,20120701,20081227,487.00,0
317,133,20110701,20071228,413.00,0
318,133,20120701,20081227,487.00,0
319,134,20110701,20071228,413.00,0
320,134,20120701,20081227,487.00,0
321,135,20110701,20071228,1912.00,0
322,136,20110701,20071228,1912.00,0
323,137,20110701,20071228,1912.00,0
324,138,20110701,20071228,1912.00,0
325,139,20110701,20071228,1898.00,0
326,140,20110701,20071228,1898.00,0
327,141,20110701,20071228,1898.00,0
328,142,20110701,20071228,1898.00,0
329,143,20120701,20081227,1118.00,0
330,143,20130701,NULL,1266.00,1
331,144,20120701,20081227,1118.00,0
332,144,20130701,NULL,1266.00,1
333,145,20120701,20081227,1118.00,0
334,145,20130701,NULL,1266.00,1
335,146,20120701,20081227,1118.00,0
336,146,20130701,NULL,1266.00,1
337,147,20120701,20081227,1118.00,0
338,147,20130701,NULL,1266.00,1
339,148,20120701,20081227,1118.00,0
340,148,20130701,NULL,1266.00,1
341,149,20120701,20081227,1106.00,0
342,149,20130701,NULL,1252.00,1
343,150,20120701,20081227,1106.00,0
344,150,20130701,NULL,1252.00,1
345,151,20120701,20081227,1106.00,0
346,151,20130701,NULL,1252.00,1
347,152,20120701,20081227,1106.00,0
348,152,20130701,NULL,1252.00,1
349,153,20120701,20081227,1106.00,0
350,153,20130701,NULL,1252.00,1
351,154,20120701,20081227,1106.00,0
352,154,20130701,NULL,1252.00,1
353,155,20120701,20081227,598.00,0
354,156,20120701,20081227,598.00,0
355,157,20120701,20081227,598.00,0
356,158,20120701,20081227,598.00,0
357,159,20120701,20081227,1519.00,0
358,160,20120701,20081227,1519.00,0
359,161,20120701,20081227,1519.00,0
360,162,20120701,20081227,1321.00,0
361,162,20130701,NULL,1555.00,1
362,163,20120701,20081227,1321.00,0
363,163,20130701,NULL,1555.00,1
364,164,20120701,20081227,1321.00,0
365,164,20130701,NULL,1555.00,1
366,165,20120701,20081227,1321.00,0
367,165,20130701,NULL,1555.00,1
368,166,20120701,20081227,1321.00,0
369,166,20130701,NULL,1555.00,1
370,167,20120701,20081227,1321.00,0
371,167,20130701,NULL,1555.00,1
372,168,20120701,20081227,1321.00,0
373,168,20130701,NULL,1555.00,1
374,169,20120701,20081227,1321.00,0
375,169,20130701,NULL,1555.00,1
376,170,20120701,20081227,1321.00,0
377,170,20130701,NULL,1555.00,1
378,171,20120701,20081227,1321.00,0
379,171,20130701,NULL,1555.00,1
380,172,20120701,20081227,606.00,0
381,172,20130701,NULL,713.00,1
382,173,20120701,20081227,606.00,0
383,173,20130701,NULL,713.00,1
384,174,20120701,20081227,606.00,0
385,174,20130701,NULL,713.00,1
386,175,20120701,20081227,606.00,0
387,175,20130701,NULL,713.00,1
388,176,20120701,20081227,606.00,0
389,176,20130701,NULL,713.00,1
390,177,20120701,20081227,606.00,0
391,177,20130701,NULL,713.00,1
392,178,20120701,20081227,606.00,0
393,178,20130701,NULL,713.00,1
394,179,20120701,20081227,606.00,0
395,179,20130701,NULL,713.00,1
396,180,20120701,20081227,606.00,0
397,180,20130701,NULL,713.00,1
398,181,20120701,20081227,606.00,0
399,181,20130701,NULL,713.00,1
400,182,20120701,20081227,66.00,0
401,183,20120701,20081227,78.00,0
402,184,20120701,20081227,102.00,0
403,185,20120701,20081227,15.00,0
404,186,20120701,20081227,45.00,0
405,187,20120701,20081227,55.00,0
406,188,20120701,20081227,18.00,0
407,188,20130701,NULL,20.00,1
408,189,20120701,20081227,18.00,0
409,189,20130701,NULL,20.00,1
410,190,20120701,20081227,25.00,0
411,190,20130701,NULL,27.00,1
412,191,20120701,20081227,25.00,0
413,191,20130701,NULL,27.00,1
414,192,20120701,20081227,49.00,0
415,192,20130701,NULL,53.00,1
416,193,20120701,20081227,49.00,0
417,193,20130701,NULL,53.00,1
418,194,20120701,20081227,18.00,0
419,194,20130701,NULL,20.00,1
420,195,20120701,20081227,18.00,0
421,195,20130701,NULL,20.00,1
422,196,20120701,20081227,25.00,0
423,196,20130701,NULL,27.00,1
424,197,20120701,20081227,25.00,0
425,197,20130701,NULL,27.00,1
426,198,20120701,20081227,49.00,0
427,198,20130701,NULL,53.00,1
428,199,20120701,20081227,49.00,0
429,199,20130701,NULL,53.00,1
430,200,20120701,20081227,186.00,0
431,201,20120701,20081227,27.00,0
432,202,20120701,20081227,93.00,0
433,203,20120701,20081227,133.00,0
434,204,20120701,20081227,38.00,0
435,205,20120701,20081227,110.00,0
436,206,20120701,20081227,147.00,0
437,207,20120701,20081227,97.00,0
438,208,20120701,20081227,300.00,0
439,208,20130701,NULL,361.00,1
440,209,20120701,20081227,300.00,0
441,209,20130701,NULL,361.00,1
442,210,20120701,20081227,39.00,0
443,211,20120701,20081227,105.00,0
444,212,20120701,20081227,145.00,0
445,213,20120701,20081227,50.00,0
446,214,20120701,20081227,122.00,0
447,215,20120701,20081227,159.00,0
448,216,20120701,20081227,109.00,0
449,217,20120701,20081227,186.00,0
450,218,20120701,20081227,186.00,0
451,219,20120701,20081227,186.00,0
452,220,20120701,20081227,300.00,0
453,220,20130701,NULL,361.00,1
454,221,20120701,20081227,300.00,0
455,221,20130701,NULL,361.00,1
456,222,20120701,20081227,300.00,0
457,222,20130701,NULL,361.00,1
458,223,20120701,20081227,300.00,0
459,223,20130701,NULL,361.00,1
460,224,20120701,20081227,300.00,0
461,224,20130701,NULL,361.00,1
462,225,20120701,20081227,300.00,0
463,225,20130701,NULL,361.00,1
464,226,20120701,20081227,300.00,0
465,226,20130701,NULL,361.00,1
466,227,20120701,20081227,300.00,0
467,227,20130701,NULL,361.00,1
468,228,20120701,20081227,722.00,0
469,228,20130701,NULL,869.00,1
470,229,20120701,20081227,722.00,0
471,229,20130701,NULL,869.00,1
472,230,20120701,20081227,722.00,0
473,230,20130701,NULL,869.00,1
474,231,20120701,20081227,722.00,0
475,231,20130701,NULL,869.00,1
476,232,20120701,20081227,722.00,0
477,232,20130701,NULL,869.00,1
478,233,20120701,20081227,722.00,0
479,233,20130701,NULL,869.00,1
480,234,20120701,20081227,722.00,0
481,234,20130701,NULL,869.00,1
482,235,20120701,20081227,722.00,0
483,235,20130701,NULL,869.00,1
484,236,20120701,20081227,25.00,0
485,237,20120701,20081227,52.00,0
486,238,20120701,20081227,10.00,0
487,239,20120701,20081227,8.00,0
488,240,20120701,20081227,10.00,0
489,241,20120701,20081227,6.00,0
490,242,20120701,20081227,14.00,0
491,243,20120701,20081227,19.00,0
492,244,20120701,20081227,25.00,0
493,245,20120701,20081227,25.00,0
494,246,20120701,20081227,25.00,0
495,247,20120701,20081227,31.00,0
496,248,20120701,20081227,31.00,0
497,249,20120701,20081227,31.00,0
498,250,20120701,20081227,37.00,0
499,251,20120701,20081227,37.00,0
500,252,20120701,20081227,37.00,0
501,253,20120701,20081227,10.00,0
502,253,20130701,NULL,9.00,1
503,254,20120701,20081227,10.00,0
504,254,20130701,NULL,9.00,1
505,255,20120701,20081227,10.00,0
506,255,20130701,NULL,9.00,1
507,256,20120701,20081227,10.00,0
508,256,20130701,NULL,9.00,1
509,257,20120701,20081227,10.00,0
510,257,20130701,NULL,9.00,1
511,258,20120701,20081227,10.00,0
512,258,20130701,NULL,9.00,1
513,259,20120701,20081227,16.00,0
514,260,20120701,20081227,16.00,0
515,261,20120701,20081227,16.00,0
516,262,20130701,NULL,24.00,1
517,263,20130701,NULL,24.00,1
518,264,20130701,NULL,24.00,1
519,265,20130701,NULL,26.00,1
520,266,20130701,NULL,26.00,1
521,267,20130701,NULL,26.00,1
522,268,20130701,NULL,2.00,1
523,269,20130701,NULL,4.00,1
524,270,20130701,NULL,3.00,1
525,271,20130701,NULL,1.00,1
526,272,20130701,NULL,3.00,1
527,273,20130701,NULL,3.00,1
528,274,20130701,NULL,45.00,1
529,275,20130701,NULL,3.00,1
530,276,20130701,NULL,8.00,1
531,277,20130701,NULL,59.00,1
532,278,20130701,NULL,21.00,1
533,279,20130701,NULL,42.00,1
534,280,20130701,NULL,42.00,1
535,281,20130701,NULL,42.00,1
536,282,20130701,NULL,42.00,1
537,283,20130701,NULL,602.00,1
538,284,20130701,NULL,200.00,1
539,285,20130701,NULL,602.00,1
540,286,20130701,NULL,602.00,1
541,287,20130701,NULL,602.00,1
542,288,20130701,NULL,602.00,1
543,289,20130701,NULL,602.00,1
544,290,20130701,NULL,602.00,1
545,291,20130701,NULL,602.00,1
546,292,20130701,NULL,54.00,1
547,293,20130701,NULL,200.00,1
548,294,20130701,NULL,200.00,1
549,295,20130701,NULL,200.00,1
550,296,20130701,NULL,200.00,1
551,297,20130701,NULL,200.00,1
552,298,20130701,NULL,200.00,1
553,299,20130701,NULL,200.00,1
554,300,20130701,NULL,200.00,1
555,301,20130701,NULL,200.00,1
556,302,20130701,NULL,199.00,1
557,303,20130701,NULL,199.00,1
558,304,20130701,NULL,199.00,1
559,305,20130701,NULL,47.00,1
560,306,20130701,NULL,12.00,1
561,307,20130701,NULL,17.00,1
562,308,20130701,NULL,23.00,1
563,309,20130701,NULL,12.00,1
564,310,20130701,NULL,17.00,1
565,311,20130701,NULL,23.00,1
566,312,20130701,NULL,12.00,1
567,313,20130701,NULL,17.00,1
568,314,20130701,NULL,23.00,1
569,315,20130701,NULL,145.00,1
570,316,20130701,NULL,145.00,1
571,317,20130701,NULL,145.00,1
572,318,20130701,NULL,145.00,1
573,319,20130701,NULL,2.00,1
574,320,20130701,NULL,1.00,1
575,321,20130701,NULL,2.00,1
576,322,20130701,NULL,137.00,1
577,323,20130701,NULL,137.00,1
578,324,20130701,NULL,137.00,1
579,325,20130701,NULL,137.00,1
580,326,20130701,NULL,9.00,1
581,327,20130701,NULL,11.00,1
582,328,20130701,NULL,13.00,1
583,329,20130701,NULL,8.00,1
584,330,20130701,NULL,9.00,1
585,331,20130701,NULL,12.00,1
586,332,20130701,NULL,11.00,1
587,333,20130701,NULL,199.00,1
588,334,20130701,NULL,137.00,1
589,335,20130701,NULL,145.00,1
590,336,20130701,NULL,41.00,1
591,337,20130701,NULL,20.00,1
592,338,20130701,NULL,41.00,1
593,339,20130701,NULL,47.00,1
594,340,20130701,NULL,78.00,1
595,341,20130701,NULL,114.00,1
596,342,20130701,NULL,180.00,1
597,343,20130701,NULL,9.00,1
598,344,20130701,NULL,755.00,1
599,345,20130701,NULL,1482.00,1
600,346,20130701,NULL,1482.00,1
601,347,20130701,NULL,1482.00,1
602,348,20130701,NULL,1482.00,1
603,349,20130701,NULL,461.00,1
604,350,20130701,NULL,461.00,1
605,351,20130701,NULL,461.00,1
606,352,20130701,NULL,461.00,1
607,353,20130701,NULL,461.00,1
608,354,20130701,NULL,461.00,1
609,355,20130701,NULL,461.00,1
610,356,20130701,NULL,461.00,1
611,357,20130701,NULL,1482.00,1
612,358,20130701,NULL,1482.00,1
613,359,20130701,NULL,1482.00,1
614,360,20130701,NULL,1482.00,1
615,361,20130701,NULL,755.00,1
616,362,20130701,NULL,755.00,1
617,363,20130701,NULL,755.00,1
618,364,20130701,NULL,1083.00,1
619,365,20130701,NULL,1083.00,1
620,366,20130701,NULL,1083.00,1
621,367,20130701,NULL,1083.00,1
622,368,20130701,NULL,344.00,1
623,369,20130701,NULL,461.00,1
624,370,20130701,NULL,461.00,1
625,371,20130701,NULL,420.00,1
626,372,20130701,NULL,420.00,1
627,373,20130701,NULL,420.00,1
628,374,20130701,NULL,420.00,1
629,375,20130701,NULL,308.00,1
630,376,20130701,NULL,308.00,1
631,377,20130701,NULL,308.00,1
632,378,20130701,NULL,308.00,1
633,379,20130701,NULL,308.00,1
634,380,20130701,NULL,295.00,1
635,381,20130701,NULL,295.00,1
636,382,20130701,NULL,295.00,1
637,383,20130701,NULL,295.00,1
638,384,20130701,NULL,295.00,1
639,385,20130701,NULL,24.00,1
640,386,20130701,NULL,45.00,1
641,387,20130701,NULL,54.00,1
642,388,20130701,NULL,344.00,1
643,389,20130701,NULL,344.00,1
644,390,20130701,NULL,344.00,1

(644 rows affected)
